input,input_size,encoder,level,bias,compressed_size
"/tmp/skanda-public-corpus-silesia/corpora/silesia/dickens",10192446,cpp,0,1.0,5897188
"/tmp/skanda-public-corpus-silesia/corpora/silesia/dickens",10192446,go,0,1.0,5902269
"/tmp/skanda-public-corpus-silesia/corpora/silesia/dickens",10192446,cpp,0,0.5,4320923
"/tmp/skanda-public-corpus-silesia/corpora/silesia/dickens",10192446,go,0,0.5,4256107
"/tmp/skanda-public-corpus-silesia/corpora/silesia/dickens",10192446,cpp,0,0.05,4168076
"/tmp/skanda-public-corpus-silesia/corpora/silesia/dickens",10192446,go,0,0.05,4173918
"/tmp/skanda-public-corpus-silesia/corpora/silesia/dickens",10192446,cpp,1,1.0,5270308
"/tmp/skanda-public-corpus-silesia/corpora/silesia/dickens",10192446,go,1,1.0,5273467
"/tmp/skanda-public-corpus-silesia/corpora/silesia/dickens",10192446,cpp,1,0.5,4244147
"/tmp/skanda-public-corpus-silesia/corpora/silesia/dickens",10192446,go,1,0.5,4091751
"/tmp/skanda-public-corpus-silesia/corpora/silesia/dickens",10192446,cpp,1,0.05,3943023
"/tmp/skanda-public-corpus-silesia/corpora/silesia/dickens",10192446,go,1,0.05,3945349
"/tmp/skanda-public-corpus-silesia/corpora/silesia/dickens",10192446,cpp,2,1.0,4909072
"/tmp/skanda-public-corpus-silesia/corpora/silesia/dickens",10192446,go,2,1.0,4908678
"/tmp/skanda-public-corpus-silesia/corpora/silesia/dickens",10192446,cpp,2,0.5,3863749
"/tmp/skanda-public-corpus-silesia/corpora/silesia/dickens",10192446,go,2,0.5,3727259
"/tmp/skanda-public-corpus-silesia/corpora/silesia/dickens",10192446,cpp,2,0.05,3598165
"/tmp/skanda-public-corpus-silesia/corpora/silesia/dickens",10192446,go,2,0.05,3598258
"/tmp/skanda-public-corpus-silesia/corpora/silesia/dickens",10192446,cpp,3,1.0,4748158
"/tmp/skanda-public-corpus-silesia/corpora/silesia/dickens",10192446,go,3,1.0,4748014
"/tmp/skanda-public-corpus-silesia/corpora/silesia/dickens",10192446,cpp,3,0.5,3699238
"/tmp/skanda-public-corpus-silesia/corpora/silesia/dickens",10192446,go,3,0.5,3560105
"/tmp/skanda-public-corpus-silesia/corpora/silesia/dickens",10192446,cpp,3,0.05,3423643
"/tmp/skanda-public-corpus-silesia/corpora/silesia/dickens",10192446,go,3,0.05,3423656
"/tmp/skanda-public-corpus-silesia/corpora/silesia/dickens",10192446,cpp,4,1.0,4682749
"/tmp/skanda-public-corpus-silesia/corpora/silesia/dickens",10192446,go,4,1.0,4682686
"/tmp/skanda-public-corpus-silesia/corpora/silesia/dickens",10192446,cpp,4,0.5,3527351
"/tmp/skanda-public-corpus-silesia/corpora/silesia/dickens",10192446,go,4,0.5,3406390
"/tmp/skanda-public-corpus-silesia/corpora/silesia/dickens",10192446,cpp,4,0.05,3258721
"/tmp/skanda-public-corpus-silesia/corpora/silesia/dickens",10192446,go,4,0.05,3258877
"/tmp/skanda-public-corpus-silesia/corpora/silesia/dickens",10192446,cpp,5,1.0,4284496
"/tmp/skanda-public-corpus-silesia/corpora/silesia/dickens",10192446,go,5,1.0,4284223
"/tmp/skanda-public-corpus-silesia/corpora/silesia/dickens",10192446,cpp,5,0.5,3296941
"/tmp/skanda-public-corpus-silesia/corpora/silesia/dickens",10192446,go,5,0.5,3296480
"/tmp/skanda-public-corpus-silesia/corpora/silesia/dickens",10192446,cpp,5,0.05,3090336
"/tmp/skanda-public-corpus-silesia/corpora/silesia/dickens",10192446,go,5,0.05,3089608
"/tmp/skanda-public-corpus-silesia/corpora/silesia/dickens",10192446,cpp,6,1.0,4230165
"/tmp/skanda-public-corpus-silesia/corpora/silesia/dickens",10192446,go,6,1.0,4229734
"/tmp/skanda-public-corpus-silesia/corpora/silesia/dickens",10192446,cpp,6,0.5,3218820
"/tmp/skanda-public-corpus-silesia/corpora/silesia/dickens",10192446,go,6,0.5,3219052
"/tmp/skanda-public-corpus-silesia/corpora/silesia/dickens",10192446,cpp,6,0.05,3011783
"/tmp/skanda-public-corpus-silesia/corpora/silesia/dickens",10192446,go,6,0.05,3011912
"/tmp/skanda-public-corpus-silesia/corpora/silesia/dickens",10192446,cpp,7,1.0,4177820
"/tmp/skanda-public-corpus-silesia/corpora/silesia/dickens",10192446,go,7,1.0,4177892
"/tmp/skanda-public-corpus-silesia/corpora/silesia/dickens",10192446,cpp,7,0.5,3146751
"/tmp/skanda-public-corpus-silesia/corpora/silesia/dickens",10192446,go,7,0.5,3146706
"/tmp/skanda-public-corpus-silesia/corpora/silesia/dickens",10192446,cpp,7,0.05,2950380
"/tmp/skanda-public-corpus-silesia/corpora/silesia/dickens",10192446,go,7,0.05,2949810
"/tmp/skanda-public-corpus-silesia/corpora/silesia/dickens",10192446,cpp,8,1.0,4127715
"/tmp/skanda-public-corpus-silesia/corpora/silesia/dickens",10192446,go,8,1.0,4127794
"/tmp/skanda-public-corpus-silesia/corpora/silesia/dickens",10192446,cpp,8,0.5,3088199
"/tmp/skanda-public-corpus-silesia/corpora/silesia/dickens",10192446,go,8,0.5,3088510
"/tmp/skanda-public-corpus-silesia/corpora/silesia/dickens",10192446,cpp,8,0.05,2883895
"/tmp/skanda-public-corpus-silesia/corpora/silesia/dickens",10192446,go,8,0.05,2883404
"/tmp/skanda-public-corpus-silesia/corpora/silesia/dickens",10192446,cpp,9,1.0,4108129
"/tmp/skanda-public-corpus-silesia/corpora/silesia/dickens",10192446,go,9,1.0,4108198
"/tmp/skanda-public-corpus-silesia/corpora/silesia/dickens",10192446,cpp,9,0.5,3080202
"/tmp/skanda-public-corpus-silesia/corpora/silesia/dickens",10192446,go,9,0.5,3080803
"/tmp/skanda-public-corpus-silesia/corpora/silesia/dickens",10192446,cpp,9,0.05,2876585
"/tmp/skanda-public-corpus-silesia/corpora/silesia/dickens",10192446,go,9,0.05,2876475
"/tmp/skanda-public-corpus-silesia/corpora/silesia/dickens",10192446,cpp,10,1.0,4101158
"/tmp/skanda-public-corpus-silesia/corpora/silesia/dickens",10192446,go,10,1.0,4101232
"/tmp/skanda-public-corpus-silesia/corpora/silesia/dickens",10192446,cpp,10,0.5,3076057
"/tmp/skanda-public-corpus-silesia/corpora/silesia/dickens",10192446,go,10,0.5,3076516
"/tmp/skanda-public-corpus-silesia/corpora/silesia/dickens",10192446,cpp,10,0.05,2871546
"/tmp/skanda-public-corpus-silesia/corpora/silesia/dickens",10192446,go,10,0.05,2871091
"/tmp/skanda-public-corpus-silesia/corpora/silesia/mozilla",51220480,cpp,0,1.0,23714225
"/tmp/skanda-public-corpus-silesia/corpora/silesia/mozilla",51220480,go,0,1.0,23735717
"/tmp/skanda-public-corpus-silesia/corpora/silesia/mozilla",51220480,cpp,0,0.5,20984000
"/tmp/skanda-public-corpus-silesia/corpora/silesia/mozilla",51220480,go,0,0.5,19106032
"/tmp/skanda-public-corpus-silesia/corpora/silesia/mozilla",51220480,cpp,0,0.05,18147411
"/tmp/skanda-public-corpus-silesia/corpora/silesia/mozilla",51220480,go,0,0.05,18181103
"/tmp/skanda-public-corpus-silesia/corpora/silesia/mozilla",51220480,cpp,1,1.0,21934386
"/tmp/skanda-public-corpus-silesia/corpora/silesia/mozilla",51220480,go,1,1.0,21942689
"/tmp/skanda-public-corpus-silesia/corpora/silesia/mozilla",51220480,cpp,1,0.5,19932156
"/tmp/skanda-public-corpus-silesia/corpora/silesia/mozilla",51220480,go,1,0.5,18220101
"/tmp/skanda-public-corpus-silesia/corpora/silesia/mozilla",51220480,cpp,1,0.05,17301852
"/tmp/skanda-public-corpus-silesia/corpora/silesia/mozilla",51220480,go,1,0.05,17296449
"/tmp/skanda-public-corpus-silesia/corpora/silesia/mozilla",51220480,cpp,2,1.0,20437297
"/tmp/skanda-public-corpus-silesia/corpora/silesia/mozilla",51220480,go,2,1.0,20435675
"/tmp/skanda-public-corpus-silesia/corpora/silesia/mozilla",51220480,cpp,2,0.5,18304798
"/tmp/skanda-public-corpus-silesia/corpora/silesia/mozilla",51220480,go,2,0.5,17031397
"/tmp/skanda-public-corpus-silesia/corpora/silesia/mozilla",51220480,cpp,2,0.05,16209202
"/tmp/skanda-public-corpus-silesia/corpora/silesia/mozilla",51220480,go,2,0.05,16197613
"/tmp/skanda-public-corpus-silesia/corpora/silesia/mozilla",51220480,cpp,3,1.0,20126957
"/tmp/skanda-public-corpus-silesia/corpora/silesia/mozilla",51220480,go,3,1.0,20126686
"/tmp/skanda-public-corpus-silesia/corpora/silesia/mozilla",51220480,cpp,3,0.5,18022834
"/tmp/skanda-public-corpus-silesia/corpora/silesia/mozilla",51220480,go,3,0.5,16776366
"/tmp/skanda-public-corpus-silesia/corpora/silesia/mozilla",51220480,cpp,3,0.05,15964099
"/tmp/skanda-public-corpus-silesia/corpora/silesia/mozilla",51220480,go,3,0.05,15952712
"/tmp/skanda-public-corpus-silesia/corpora/silesia/mozilla",51220480,cpp,4,1.0,19990119
"/tmp/skanda-public-corpus-silesia/corpora/silesia/mozilla",51220480,go,4,1.0,19990179
"/tmp/skanda-public-corpus-silesia/corpora/silesia/mozilla",51220480,cpp,4,0.5,17777862
"/tmp/skanda-public-corpus-silesia/corpora/silesia/mozilla",51220480,go,4,0.5,16616290
"/tmp/skanda-public-corpus-silesia/corpora/silesia/mozilla",51220480,cpp,4,0.05,15765526
"/tmp/skanda-public-corpus-silesia/corpora/silesia/mozilla",51220480,go,4,0.05,15753527
"/tmp/skanda-public-corpus-silesia/corpora/silesia/mozilla",51220480,cpp,5,1.0,19093215
"/tmp/skanda-public-corpus-silesia/corpora/silesia/mozilla",51220480,go,5,1.0,19092575
"/tmp/skanda-public-corpus-silesia/corpora/silesia/mozilla",51220480,cpp,5,0.5,16472851
"/tmp/skanda-public-corpus-silesia/corpora/silesia/mozilla",51220480,go,5,0.5,16475447
"/tmp/skanda-public-corpus-silesia/corpora/silesia/mozilla",51220480,cpp,5,0.05,14663288
"/tmp/skanda-public-corpus-silesia/corpora/silesia/mozilla",51220480,go,5,0.05,14661592
"/tmp/skanda-public-corpus-silesia/corpora/silesia/mozilla",51220480,cpp,6,1.0,18921207
"/tmp/skanda-public-corpus-silesia/corpora/silesia/mozilla",51220480,go,6,1.0,18921228
"/tmp/skanda-public-corpus-silesia/corpora/silesia/mozilla",51220480,cpp,6,0.5,16223954
"/tmp/skanda-public-corpus-silesia/corpora/silesia/mozilla",51220480,go,6,0.5,16226998
"/tmp/skanda-public-corpus-silesia/corpora/silesia/mozilla",51220480,cpp,6,0.05,14373079
"/tmp/skanda-public-corpus-silesia/corpora/silesia/mozilla",51220480,go,6,0.05,14370556
"/tmp/skanda-public-corpus-silesia/corpora/silesia/mozilla",51220480,cpp,7,1.0,18552204
"/tmp/skanda-public-corpus-silesia/corpora/silesia/mozilla",51220480,go,7,1.0,18552744
"/tmp/skanda-public-corpus-silesia/corpora/silesia/mozilla",51220480,cpp,7,0.5,15574216
"/tmp/skanda-public-corpus-silesia/corpora/silesia/mozilla",51220480,go,7,0.5,15584317
"/tmp/skanda-public-corpus-silesia/corpora/silesia/mozilla",51220480,cpp,7,0.05,13761410
"/tmp/skanda-public-corpus-silesia/corpora/silesia/mozilla",51220480,go,7,0.05,13756158
"/tmp/skanda-public-corpus-silesia/corpora/silesia/mozilla",51220480,cpp,8,1.0,18346784
"/tmp/skanda-public-corpus-silesia/corpora/silesia/mozilla",51220480,go,8,1.0,18347965
"/tmp/skanda-public-corpus-silesia/corpora/silesia/mozilla",51220480,cpp,8,0.5,15399758
"/tmp/skanda-public-corpus-silesia/corpora/silesia/mozilla",51220480,go,8,0.5,15408582
"/tmp/skanda-public-corpus-silesia/corpora/silesia/mozilla",51220480,cpp,8,0.05,13566935
"/tmp/skanda-public-corpus-silesia/corpora/silesia/mozilla",51220480,go,8,0.05,13561567
"/tmp/skanda-public-corpus-silesia/corpora/silesia/mozilla",51220480,cpp,9,1.0,18185188
"/tmp/skanda-public-corpus-silesia/corpora/silesia/mozilla",51220480,go,9,1.0,18186887
"/tmp/skanda-public-corpus-silesia/corpora/silesia/mozilla",51220480,cpp,9,0.5,15209873
"/tmp/skanda-public-corpus-silesia/corpora/silesia/mozilla",51220480,go,9,0.5,15220834
"/tmp/skanda-public-corpus-silesia/corpora/silesia/mozilla",51220480,cpp,9,0.05,13278313
"/tmp/skanda-public-corpus-silesia/corpora/silesia/mozilla",51220480,go,9,0.05,13275389
"/tmp/skanda-public-corpus-silesia/corpora/silesia/mozilla",51220480,cpp,10,1.0,18108090
"/tmp/skanda-public-corpus-silesia/corpora/silesia/mozilla",51220480,go,10,1.0,18109957
"/tmp/skanda-public-corpus-silesia/corpora/silesia/mozilla",51220480,cpp,10,0.5,15113733
"/tmp/skanda-public-corpus-silesia/corpora/silesia/mozilla",51220480,go,10,0.5,15128252
"/tmp/skanda-public-corpus-silesia/corpora/silesia/mozilla",51220480,cpp,10,0.05,13183816
"/tmp/skanda-public-corpus-silesia/corpora/silesia/mozilla",51220480,go,10,0.05,13185111
"/tmp/skanda-public-corpus-silesia/corpora/silesia/mr",9970564,cpp,0,1.0,5312353
"/tmp/skanda-public-corpus-silesia/corpora/silesia/mr",9970564,go,0,1.0,5321406
"/tmp/skanda-public-corpus-silesia/corpora/silesia/mr",9970564,cpp,0,0.5,3818889
"/tmp/skanda-public-corpus-silesia/corpora/silesia/mr",9970564,go,0,0.5,3750446
"/tmp/skanda-public-corpus-silesia/corpora/silesia/mr",9970564,cpp,0,0.05,3337711
"/tmp/skanda-public-corpus-silesia/corpora/silesia/mr",9970564,go,0,0.05,3327552
"/tmp/skanda-public-corpus-silesia/corpora/silesia/mr",9970564,cpp,1,1.0,4641026
"/tmp/skanda-public-corpus-silesia/corpora/silesia/mr",9970564,go,1,1.0,4641506
"/tmp/skanda-public-corpus-silesia/corpora/silesia/mr",9970564,cpp,1,0.5,3921914
"/tmp/skanda-public-corpus-silesia/corpora/silesia/mr",9970564,go,1,0.5,3516460
"/tmp/skanda-public-corpus-silesia/corpora/silesia/mr",9970564,cpp,1,0.05,3195048
"/tmp/skanda-public-corpus-silesia/corpora/silesia/mr",9970564,go,1,0.05,3194797
"/tmp/skanda-public-corpus-silesia/corpora/silesia/mr",9970564,cpp,2,1.0,4588569
"/tmp/skanda-public-corpus-silesia/corpora/silesia/mr",9970564,go,2,1.0,4587468
"/tmp/skanda-public-corpus-silesia/corpora/silesia/mr",9970564,cpp,2,0.5,3779022
"/tmp/skanda-public-corpus-silesia/corpora/silesia/mr",9970564,go,2,0.5,3501143
"/tmp/skanda-public-corpus-silesia/corpora/silesia/mr",9970564,cpp,2,0.05,3209545
"/tmp/skanda-public-corpus-silesia/corpora/silesia/mr",9970564,go,2,0.05,3208745
"/tmp/skanda-public-corpus-silesia/corpora/silesia/mr",9970564,cpp,3,1.0,4532191
"/tmp/skanda-public-corpus-silesia/corpora/silesia/mr",9970564,go,3,1.0,4533158
"/tmp/skanda-public-corpus-silesia/corpora/silesia/mr",9970564,cpp,3,0.5,3680365
"/tmp/skanda-public-corpus-silesia/corpora/silesia/mr",9970564,go,3,0.5,3434549
"/tmp/skanda-public-corpus-silesia/corpora/silesia/mr",9970564,cpp,3,0.05,3146260
"/tmp/skanda-public-corpus-silesia/corpora/silesia/mr",9970564,go,3,0.05,3145689
"/tmp/skanda-public-corpus-silesia/corpora/silesia/mr",9970564,cpp,4,1.0,4480942
"/tmp/skanda-public-corpus-silesia/corpora/silesia/mr",9970564,go,4,1.0,4483348
"/tmp/skanda-public-corpus-silesia/corpora/silesia/mr",9970564,cpp,4,0.5,3581827
"/tmp/skanda-public-corpus-silesia/corpora/silesia/mr",9970564,go,4,0.5,3368626
"/tmp/skanda-public-corpus-silesia/corpora/silesia/mr",9970564,cpp,4,0.05,3088463
"/tmp/skanda-public-corpus-silesia/corpora/silesia/mr",9970564,go,4,0.05,3087628
"/tmp/skanda-public-corpus-silesia/corpora/silesia/mr",9970564,cpp,5,1.0,4072426
"/tmp/skanda-public-corpus-silesia/corpora/silesia/mr",9970564,go,5,1.0,4071879
"/tmp/skanda-public-corpus-silesia/corpora/silesia/mr",9970564,cpp,5,0.5,3374708
"/tmp/skanda-public-corpus-silesia/corpora/silesia/mr",9970564,go,5,0.5,3377004
"/tmp/skanda-public-corpus-silesia/corpora/silesia/mr",9970564,cpp,5,0.05,3033272
"/tmp/skanda-public-corpus-silesia/corpora/silesia/mr",9970564,go,5,0.05,3032048
"/tmp/skanda-public-corpus-silesia/corpora/silesia/mr",9970564,cpp,6,1.0,4034481
"/tmp/skanda-public-corpus-silesia/corpora/silesia/mr",9970564,go,6,1.0,4033545
"/tmp/skanda-public-corpus-silesia/corpora/silesia/mr",9970564,cpp,6,0.5,3336014
"/tmp/skanda-public-corpus-silesia/corpora/silesia/mr",9970564,go,6,0.5,3337259
"/tmp/skanda-public-corpus-silesia/corpora/silesia/mr",9970564,cpp,6,0.05,3000802
"/tmp/skanda-public-corpus-silesia/corpora/silesia/mr",9970564,go,6,0.05,3000300
"/tmp/skanda-public-corpus-silesia/corpora/silesia/mr",9970564,cpp,7,1.0,3976904
"/tmp/skanda-public-corpus-silesia/corpora/silesia/mr",9970564,go,7,1.0,3976904
"/tmp/skanda-public-corpus-silesia/corpora/silesia/mr",9970564,cpp,7,0.5,3244850
"/tmp/skanda-public-corpus-silesia/corpora/silesia/mr",9970564,go,7,0.5,3237182
"/tmp/skanda-public-corpus-silesia/corpora/silesia/mr",9970564,cpp,7,0.05,2889257
"/tmp/skanda-public-corpus-silesia/corpora/silesia/mr",9970564,go,7,0.05,2890707
"/tmp/skanda-public-corpus-silesia/corpora/silesia/mr",9970564,cpp,8,1.0,3965724
"/tmp/skanda-public-corpus-silesia/corpora/silesia/mr",9970564,go,8,1.0,3965724
"/tmp/skanda-public-corpus-silesia/corpora/silesia/mr",9970564,cpp,8,0.5,3228044
"/tmp/skanda-public-corpus-silesia/corpora/silesia/mr",9970564,go,8,0.5,3219327
"/tmp/skanda-public-corpus-silesia/corpora/silesia/mr",9970564,cpp,8,0.05,2868549
"/tmp/skanda-public-corpus-silesia/corpora/silesia/mr",9970564,go,8,0.05,2869656
"/tmp/skanda-public-corpus-silesia/corpora/silesia/mr",9970564,cpp,9,1.0,3955949
"/tmp/skanda-public-corpus-silesia/corpora/silesia/mr",9970564,go,9,1.0,3955992
"/tmp/skanda-public-corpus-silesia/corpora/silesia/mr",9970564,cpp,9,0.5,3229647
"/tmp/skanda-public-corpus-silesia/corpora/silesia/mr",9970564,go,9,0.5,3222336
"/tmp/skanda-public-corpus-silesia/corpora/silesia/mr",9970564,cpp,9,0.05,2844741
"/tmp/skanda-public-corpus-silesia/corpora/silesia/mr",9970564,go,9,0.05,2848884
"/tmp/skanda-public-corpus-silesia/corpora/silesia/mr",9970564,cpp,10,1.0,3942755
"/tmp/skanda-public-corpus-silesia/corpora/silesia/mr",9970564,go,10,1.0,3942798
"/tmp/skanda-public-corpus-silesia/corpora/silesia/mr",9970564,cpp,10,0.5,3191471
"/tmp/skanda-public-corpus-silesia/corpora/silesia/mr",9970564,go,10,0.5,3183530
"/tmp/skanda-public-corpus-silesia/corpora/silesia/mr",9970564,cpp,10,0.05,2794269
"/tmp/skanda-public-corpus-silesia/corpora/silesia/mr",9970564,go,10,0.05,2798686
"/tmp/skanda-public-corpus-silesia/corpora/silesia/nci",33553445,cpp,0,1.0,4784967
"/tmp/skanda-public-corpus-silesia/corpora/silesia/nci",33553445,go,0,1.0,4786996
"/tmp/skanda-public-corpus-silesia/corpora/silesia/nci",33553445,cpp,0,0.5,3268821
"/tmp/skanda-public-corpus-silesia/corpora/silesia/nci",33553445,go,0,0.5,3174226
"/tmp/skanda-public-corpus-silesia/corpora/silesia/nci",33553445,cpp,0,0.05,2908830
"/tmp/skanda-public-corpus-silesia/corpora/silesia/nci",33553445,go,0,0.05,2911373
"/tmp/skanda-public-corpus-silesia/corpora/silesia/nci",33553445,cpp,1,1.0,4762821
"/tmp/skanda-public-corpus-silesia/corpora/silesia/nci",33553445,go,1,1.0,4764918
"/tmp/skanda-public-corpus-silesia/corpora/silesia/nci",33553445,cpp,1,0.5,3383738
"/tmp/skanda-public-corpus-silesia/corpora/silesia/nci",33553445,go,1,0.5,3273979
"/tmp/skanda-public-corpus-silesia/corpora/silesia/nci",33553445,cpp,1,0.05,2982288
"/tmp/skanda-public-corpus-silesia/corpora/silesia/nci",33553445,go,1,0.05,2983326
"/tmp/skanda-public-corpus-silesia/corpora/silesia/nci",33553445,cpp,2,1.0,4247671
"/tmp/skanda-public-corpus-silesia/corpora/silesia/nci",33553445,go,2,1.0,4243956
"/tmp/skanda-public-corpus-silesia/corpora/silesia/nci",33553445,cpp,2,0.5,2959503
"/tmp/skanda-public-corpus-silesia/corpora/silesia/nci",33553445,go,2,0.5,2875234
"/tmp/skanda-public-corpus-silesia/corpora/silesia/nci",33553445,cpp,2,0.05,2651281
"/tmp/skanda-public-corpus-silesia/corpora/silesia/nci",33553445,go,2,0.05,2651339
"/tmp/skanda-public-corpus-silesia/corpora/silesia/nci",33553445,cpp,3,1.0,4037119
"/tmp/skanda-public-corpus-silesia/corpora/silesia/nci",33553445,go,3,1.0,4038102
"/tmp/skanda-public-corpus-silesia/corpora/silesia/nci",33553445,cpp,3,0.5,2814811
"/tmp/skanda-public-corpus-silesia/corpora/silesia/nci",33553445,go,3,0.5,2741913
"/tmp/skanda-public-corpus-silesia/corpora/silesia/nci",33553445,cpp,3,0.05,2529040
"/tmp/skanda-public-corpus-silesia/corpora/silesia/nci",33553445,go,3,0.05,2529490
"/tmp/skanda-public-corpus-silesia/corpora/silesia/nci",33553445,cpp,4,1.0,3860773
"/tmp/skanda-public-corpus-silesia/corpora/silesia/nci",33553445,go,4,1.0,3858342
"/tmp/skanda-public-corpus-silesia/corpora/silesia/nci",33553445,cpp,4,0.5,2695394
"/tmp/skanda-public-corpus-silesia/corpora/silesia/nci",33553445,go,4,0.5,2631210
"/tmp/skanda-public-corpus-silesia/corpora/silesia/nci",33553445,cpp,4,0.05,2417313
"/tmp/skanda-public-corpus-silesia/corpora/silesia/nci",33553445,go,4,0.05,2416208
"/tmp/skanda-public-corpus-silesia/corpora/silesia/nci",33553445,cpp,5,1.0,3655057
"/tmp/skanda-public-corpus-silesia/corpora/silesia/nci",33553445,go,5,1.0,3652430
"/tmp/skanda-public-corpus-silesia/corpora/silesia/nci",33553445,cpp,5,0.5,2552621
"/tmp/skanda-public-corpus-silesia/corpora/silesia/nci",33553445,go,5,0.5,2552630
"/tmp/skanda-public-corpus-silesia/corpora/silesia/nci",33553445,cpp,5,0.05,2299505
"/tmp/skanda-public-corpus-silesia/corpora/silesia/nci",33553445,go,5,0.05,2299126
"/tmp/skanda-public-corpus-silesia/corpora/silesia/nci",33553445,cpp,6,1.0,3512563
"/tmp/skanda-public-corpus-silesia/corpora/silesia/nci",33553445,go,6,1.0,3510732
"/tmp/skanda-public-corpus-silesia/corpora/silesia/nci",33553445,cpp,6,0.5,2303598
"/tmp/skanda-public-corpus-silesia/corpora/silesia/nci",33553445,go,6,0.5,2303689
"/tmp/skanda-public-corpus-silesia/corpora/silesia/nci",33553445,cpp,6,0.05,2109665
"/tmp/skanda-public-corpus-silesia/corpora/silesia/nci",33553445,go,6,0.05,2108502
"/tmp/skanda-public-corpus-silesia/corpora/silesia/nci",33553445,cpp,7,1.0,2989129
"/tmp/skanda-public-corpus-silesia/corpora/silesia/nci",33553445,go,7,1.0,2989236
"/tmp/skanda-public-corpus-silesia/corpora/silesia/nci",33553445,cpp,7,0.5,1913331
"/tmp/skanda-public-corpus-silesia/corpora/silesia/nci",33553445,go,7,0.5,1913387
"/tmp/skanda-public-corpus-silesia/corpora/silesia/nci",33553445,cpp,7,0.05,1727887
"/tmp/skanda-public-corpus-silesia/corpora/silesia/nci",33553445,go,7,0.05,1728083
"/tmp/skanda-public-corpus-silesia/corpora/silesia/nci",33553445,cpp,8,1.0,2775154
"/tmp/skanda-public-corpus-silesia/corpora/silesia/nci",33553445,go,8,1.0,2777171
"/tmp/skanda-public-corpus-silesia/corpora/silesia/nci",33553445,cpp,8,0.5,1814264
"/tmp/skanda-public-corpus-silesia/corpora/silesia/nci",33553445,go,8,0.5,1815482
"/tmp/skanda-public-corpus-silesia/corpora/silesia/nci",33553445,cpp,8,0.05,1599569
"/tmp/skanda-public-corpus-silesia/corpora/silesia/nci",33553445,go,8,0.05,1600604
"/tmp/skanda-public-corpus-silesia/corpora/silesia/nci",33553445,cpp,9,1.0,2721935
"/tmp/skanda-public-corpus-silesia/corpora/silesia/nci",33553445,go,9,1.0,2725710
"/tmp/skanda-public-corpus-silesia/corpora/silesia/nci",33553445,cpp,9,0.5,1739655
"/tmp/skanda-public-corpus-silesia/corpora/silesia/nci",33553445,go,9,0.5,1742606
"/tmp/skanda-public-corpus-silesia/corpora/silesia/nci",33553445,cpp,9,0.05,1530323
"/tmp/skanda-public-corpus-silesia/corpora/silesia/nci",33553445,go,9,0.05,1532435
"/tmp/skanda-public-corpus-silesia/corpora/silesia/nci",33553445,cpp,10,1.0,2697912
"/tmp/skanda-public-corpus-silesia/corpora/silesia/nci",33553445,go,10,1.0,2702886
"/tmp/skanda-public-corpus-silesia/corpora/silesia/nci",33553445,cpp,10,0.5,1700410
"/tmp/skanda-public-corpus-silesia/corpora/silesia/nci",33553445,go,10,0.5,1703895
"/tmp/skanda-public-corpus-silesia/corpora/silesia/nci",33553445,cpp,10,0.05,1488894
"/tmp/skanda-public-corpus-silesia/corpora/silesia/nci",33553445,go,10,0.05,1492769
"/tmp/skanda-public-corpus-silesia/corpora/silesia/ooffice",6152192,cpp,0,1.0,4236902
"/tmp/skanda-public-corpus-silesia/corpora/silesia/ooffice",6152192,go,0,1.0,4239180
"/tmp/skanda-public-corpus-silesia/corpora/silesia/ooffice",6152192,cpp,0,0.5,4089551
"/tmp/skanda-public-corpus-silesia/corpora/silesia/ooffice",6152192,go,0,0.5,3543877
"/tmp/skanda-public-corpus-silesia/corpora/silesia/ooffice",6152192,cpp,0,0.05,3496196
"/tmp/skanda-public-corpus-silesia/corpora/silesia/ooffice",6152192,go,0,0.05,3497777
"/tmp/skanda-public-corpus-silesia/corpora/silesia/ooffice",6152192,cpp,1,1.0,3671475
"/tmp/skanda-public-corpus-silesia/corpora/silesia/ooffice",6152192,go,1,1.0,3672801
"/tmp/skanda-public-corpus-silesia/corpora/silesia/ooffice",6152192,cpp,1,0.5,3559859
"/tmp/skanda-public-corpus-silesia/corpora/silesia/ooffice",6152192,go,1,0.5,3184419
"/tmp/skanda-public-corpus-silesia/corpora/silesia/ooffice",6152192,cpp,1,0.05,3119276
"/tmp/skanda-public-corpus-silesia/corpora/silesia/ooffice",6152192,go,1,0.05,3120066
"/tmp/skanda-public-corpus-silesia/corpora/silesia/ooffice",6152192,cpp,2,1.0,3387036
"/tmp/skanda-public-corpus-silesia/corpora/silesia/ooffice",6152192,go,2,1.0,3387008
"/tmp/skanda-public-corpus-silesia/corpora/silesia/ooffice",6152192,cpp,2,0.5,3264698
"/tmp/skanda-public-corpus-silesia/corpora/silesia/ooffice",6152192,go,2,0.5,2984950
"/tmp/skanda-public-corpus-silesia/corpora/silesia/ooffice",6152192,cpp,2,0.05,2917945
"/tmp/skanda-public-corpus-silesia/corpora/silesia/ooffice",6152192,go,2,0.05,2917813
"/tmp/skanda-public-corpus-silesia/corpora/silesia/ooffice",6152192,cpp,3,1.0,3315774
"/tmp/skanda-public-corpus-silesia/corpora/silesia/ooffice",6152192,go,3,1.0,3315779
"/tmp/skanda-public-corpus-silesia/corpora/silesia/ooffice",6152192,cpp,3,0.5,3190905
"/tmp/skanda-public-corpus-silesia/corpora/silesia/ooffice",6152192,go,3,0.5,2927829
"/tmp/skanda-public-corpus-silesia/corpora/silesia/ooffice",6152192,cpp,3,0.05,2857550
"/tmp/skanda-public-corpus-silesia/corpora/silesia/ooffice",6152192,go,3,0.05,2857446
"/tmp/skanda-public-corpus-silesia/corpora/silesia/ooffice",6152192,cpp,4,1.0,3279002
"/tmp/skanda-public-corpus-silesia/corpora/silesia/ooffice",6152192,go,4,1.0,3279050
"/tmp/skanda-public-corpus-silesia/corpora/silesia/ooffice",6152192,cpp,4,0.5,3122453
"/tmp/skanda-public-corpus-silesia/corpora/silesia/ooffice",6152192,go,4,0.5,2878513
"/tmp/skanda-public-corpus-silesia/corpora/silesia/ooffice",6152192,cpp,4,0.05,2802445
"/tmp/skanda-public-corpus-silesia/corpora/silesia/ooffice",6152192,go,4,0.05,2802395
"/tmp/skanda-public-corpus-silesia/corpora/silesia/ooffice",6152192,cpp,5,1.0,3087698
"/tmp/skanda-public-corpus-silesia/corpora/silesia/ooffice",6152192,go,5,1.0,3087678
"/tmp/skanda-public-corpus-silesia/corpora/silesia/ooffice",6152192,cpp,5,0.5,2918704
"/tmp/skanda-public-corpus-silesia/corpora/silesia/ooffice",6152192,go,5,0.5,2923350
"/tmp/skanda-public-corpus-silesia/corpora/silesia/ooffice",6152192,cpp,5,0.05,2629042
"/tmp/skanda-public-corpus-silesia/corpora/silesia/ooffice",6152192,go,5,0.05,2629327
"/tmp/skanda-public-corpus-silesia/corpora/silesia/ooffice",6152192,cpp,6,1.0,3064856
"/tmp/skanda-public-corpus-silesia/corpora/silesia/ooffice",6152192,go,6,1.0,3064828
"/tmp/skanda-public-corpus-silesia/corpora/silesia/ooffice",6152192,cpp,6,0.5,2882139
"/tmp/skanda-public-corpus-silesia/corpora/silesia/ooffice",6152192,go,6,0.5,2886753
"/tmp/skanda-public-corpus-silesia/corpora/silesia/ooffice",6152192,cpp,6,0.05,2601011
"/tmp/skanda-public-corpus-silesia/corpora/silesia/ooffice",6152192,go,6,0.05,2600849
"/tmp/skanda-public-corpus-silesia/corpora/silesia/ooffice",6152192,cpp,7,1.0,3010688
"/tmp/skanda-public-corpus-silesia/corpora/silesia/ooffice",6152192,go,7,1.0,3010713
"/tmp/skanda-public-corpus-silesia/corpora/silesia/ooffice",6152192,cpp,7,0.5,2829419
"/tmp/skanda-public-corpus-silesia/corpora/silesia/ooffice",6152192,go,7,0.5,2830348
"/tmp/skanda-public-corpus-silesia/corpora/silesia/ooffice",6152192,cpp,7,0.05,2536010
"/tmp/skanda-public-corpus-silesia/corpora/silesia/ooffice",6152192,go,7,0.05,2534609
"/tmp/skanda-public-corpus-silesia/corpora/silesia/ooffice",6152192,cpp,8,1.0,2983553
"/tmp/skanda-public-corpus-silesia/corpora/silesia/ooffice",6152192,go,8,1.0,2983606
"/tmp/skanda-public-corpus-silesia/corpora/silesia/ooffice",6152192,cpp,8,0.5,2803525
"/tmp/skanda-public-corpus-silesia/corpora/silesia/ooffice",6152192,go,8,0.5,2804544
"/tmp/skanda-public-corpus-silesia/corpora/silesia/ooffice",6152192,cpp,8,0.05,2513799
"/tmp/skanda-public-corpus-silesia/corpora/silesia/ooffice",6152192,go,8,0.05,2513107
"/tmp/skanda-public-corpus-silesia/corpora/silesia/ooffice",6152192,cpp,9,1.0,2961072
"/tmp/skanda-public-corpus-silesia/corpora/silesia/ooffice",6152192,go,9,1.0,2961174
"/tmp/skanda-public-corpus-silesia/corpora/silesia/ooffice",6152192,cpp,9,0.5,2779482
"/tmp/skanda-public-corpus-silesia/corpora/silesia/ooffice",6152192,go,9,0.5,2780187
"/tmp/skanda-public-corpus-silesia/corpora/silesia/ooffice",6152192,cpp,9,0.05,2444666
"/tmp/skanda-public-corpus-silesia/corpora/silesia/ooffice",6152192,go,9,0.05,2443867
"/tmp/skanda-public-corpus-silesia/corpora/silesia/ooffice",6152192,cpp,10,1.0,2949395
"/tmp/skanda-public-corpus-silesia/corpora/silesia/ooffice",6152192,go,10,1.0,2949467
"/tmp/skanda-public-corpus-silesia/corpora/silesia/ooffice",6152192,cpp,10,0.5,2768106
"/tmp/skanda-public-corpus-silesia/corpora/silesia/ooffice",6152192,go,10,0.5,2768837
"/tmp/skanda-public-corpus-silesia/corpora/silesia/ooffice",6152192,cpp,10,0.05,2427537
"/tmp/skanda-public-corpus-silesia/corpora/silesia/ooffice",6152192,go,10,0.05,2426547
"/tmp/skanda-public-corpus-silesia/corpora/silesia/osdb",10085684,cpp,0,1.0,4549236
"/tmp/skanda-public-corpus-silesia/corpora/silesia/osdb",10085684,go,0,1.0,4570831
"/tmp/skanda-public-corpus-silesia/corpora/silesia/osdb",10085684,cpp,0,0.5,4011921
"/tmp/skanda-public-corpus-silesia/corpora/silesia/osdb",10085684,go,0,0.5,3675434
"/tmp/skanda-public-corpus-silesia/corpora/silesia/osdb",10085684,cpp,0,0.05,3604232
"/tmp/skanda-public-corpus-silesia/corpora/silesia/osdb",10085684,go,0,0.05,3625588
"/tmp/skanda-public-corpus-silesia/corpora/silesia/osdb",10085684,cpp,1,1.0,4500966
"/tmp/skanda-public-corpus-silesia/corpora/silesia/osdb",10085684,go,1,1.0,4501002
"/tmp/skanda-public-corpus-silesia/corpora/silesia/osdb",10085684,cpp,1,0.5,3967791
"/tmp/skanda-public-corpus-silesia/corpora/silesia/osdb",10085684,go,1,0.5,3669429
"/tmp/skanda-public-corpus-silesia/corpora/silesia/osdb",10085684,cpp,1,0.05,3602928
"/tmp/skanda-public-corpus-silesia/corpora/silesia/osdb",10085684,go,1,0.05,3602968
"/tmp/skanda-public-corpus-silesia/corpora/silesia/osdb",10085684,cpp,2,1.0,4265286
"/tmp/skanda-public-corpus-silesia/corpora/silesia/osdb",10085684,go,2,1.0,4265824
"/tmp/skanda-public-corpus-silesia/corpora/silesia/osdb",10085684,cpp,2,0.5,3723025
"/tmp/skanda-public-corpus-silesia/corpora/silesia/osdb",10085684,go,2,0.5,3488250
"/tmp/skanda-public-corpus-silesia/corpora/silesia/osdb",10085684,cpp,2,0.05,3423111
"/tmp/skanda-public-corpus-silesia/corpora/silesia/osdb",10085684,go,2,0.05,3423111
"/tmp/skanda-public-corpus-silesia/corpora/silesia/osdb",10085684,cpp,3,1.0,4217175
"/tmp/skanda-public-corpus-silesia/corpora/silesia/osdb",10085684,go,3,1.0,4217766
"/tmp/skanda-public-corpus-silesia/corpora/silesia/osdb",10085684,cpp,3,0.5,3675240
"/tmp/skanda-public-corpus-silesia/corpora/silesia/osdb",10085684,go,3,0.5,3442729
"/tmp/skanda-public-corpus-silesia/corpora/silesia/osdb",10085684,cpp,3,0.05,3376181
"/tmp/skanda-public-corpus-silesia/corpora/silesia/osdb",10085684,go,3,0.05,3376174
"/tmp/skanda-public-corpus-silesia/corpora/silesia/osdb",10085684,cpp,4,1.0,4160902
"/tmp/skanda-public-corpus-silesia/corpora/silesia/osdb",10085684,go,4,1.0,4161359
"/tmp/skanda-public-corpus-silesia/corpora/silesia/osdb",10085684,cpp,4,0.5,3561803
"/tmp/skanda-public-corpus-silesia/corpora/silesia/osdb",10085684,go,4,0.5,3346905
"/tmp/skanda-public-corpus-silesia/corpora/silesia/osdb",10085684,cpp,4,0.05,3285737
"/tmp/skanda-public-corpus-silesia/corpora/silesia/osdb",10085684,go,4,0.05,3285735
"/tmp/skanda-public-corpus-silesia/corpora/silesia/osdb",10085684,cpp,5,1.0,3890806
"/tmp/skanda-public-corpus-silesia/corpora/silesia/osdb",10085684,go,5,1.0,3890724
"/tmp/skanda-public-corpus-silesia/corpora/silesia/osdb",10085684,cpp,5,0.5,3408461
"/tmp/skanda-public-corpus-silesia/corpora/silesia/osdb",10085684,go,5,0.5,3408465
"/tmp/skanda-public-corpus-silesia/corpora/silesia/osdb",10085684,cpp,5,0.05,3154720
"/tmp/skanda-public-corpus-silesia/corpora/silesia/osdb",10085684,go,5,0.05,3154710
"/tmp/skanda-public-corpus-silesia/corpora/silesia/osdb",10085684,cpp,6,1.0,3857459
"/tmp/skanda-public-corpus-silesia/corpora/silesia/osdb",10085684,go,6,1.0,3857430
"/tmp/skanda-public-corpus-silesia/corpora/silesia/osdb",10085684,cpp,6,0.5,3364949
"/tmp/skanda-public-corpus-silesia/corpora/silesia/osdb",10085684,go,6,0.5,3364967
"/tmp/skanda-public-corpus-silesia/corpora/silesia/osdb",10085684,cpp,6,0.05,3123097
"/tmp/skanda-public-corpus-silesia/corpora/silesia/osdb",10085684,go,6,0.05,3123185
"/tmp/skanda-public-corpus-silesia/corpora/silesia/osdb",10085684,cpp,7,1.0,3766498
"/tmp/skanda-public-corpus-silesia/corpora/silesia/osdb",10085684,go,7,1.0,3766813
"/tmp/skanda-public-corpus-silesia/corpora/silesia/osdb",10085684,cpp,7,0.5,3273026
"/tmp/skanda-public-corpus-silesia/corpora/silesia/osdb",10085684,go,7,0.5,3273393
"/tmp/skanda-public-corpus-silesia/corpora/silesia/osdb",10085684,cpp,7,0.05,3000425
"/tmp/skanda-public-corpus-silesia/corpora/silesia/osdb",10085684,go,7,0.05,3000844
"/tmp/skanda-public-corpus-silesia/corpora/silesia/osdb",10085684,cpp,8,1.0,3737958
"/tmp/skanda-public-corpus-silesia/corpora/silesia/osdb",10085684,go,8,1.0,3738323
"/tmp/skanda-public-corpus-silesia/corpora/silesia/osdb",10085684,cpp,8,0.5,3234309
"/tmp/skanda-public-corpus-silesia/corpora/silesia/osdb",10085684,go,8,0.5,3234625
"/tmp/skanda-public-corpus-silesia/corpora/silesia/osdb",10085684,cpp,8,0.05,2970067
"/tmp/skanda-public-corpus-silesia/corpora/silesia/osdb",10085684,go,8,0.05,2970294
"/tmp/skanda-public-corpus-silesia/corpora/silesia/osdb",10085684,cpp,9,1.0,3714347
"/tmp/skanda-public-corpus-silesia/corpora/silesia/osdb",10085684,go,9,1.0,3714688
"/tmp/skanda-public-corpus-silesia/corpora/silesia/osdb",10085684,cpp,9,0.5,3223719
"/tmp/skanda-public-corpus-silesia/corpora/silesia/osdb",10085684,go,9,0.5,3224038
"/tmp/skanda-public-corpus-silesia/corpora/silesia/osdb",10085684,cpp,9,0.05,2960510
"/tmp/skanda-public-corpus-silesia/corpora/silesia/osdb",10085684,go,9,0.05,2961126
"/tmp/skanda-public-corpus-silesia/corpora/silesia/osdb",10085684,cpp,10,1.0,3704879
"/tmp/skanda-public-corpus-silesia/corpora/silesia/osdb",10085684,go,10,1.0,3705217
"/tmp/skanda-public-corpus-silesia/corpora/silesia/osdb",10085684,cpp,10,0.5,3210009
"/tmp/skanda-public-corpus-silesia/corpora/silesia/osdb",10085684,go,10,0.5,3210321
"/tmp/skanda-public-corpus-silesia/corpora/silesia/osdb",10085684,cpp,10,0.05,2945758
"/tmp/skanda-public-corpus-silesia/corpora/silesia/osdb",10085684,go,10,0.05,2946059
"/tmp/skanda-public-corpus-silesia/corpora/silesia/reymont",6627202,cpp,0,1.0,2887140
"/tmp/skanda-public-corpus-silesia/corpora/silesia/reymont",6627202,go,0,1.0,2890352
"/tmp/skanda-public-corpus-silesia/corpora/silesia/reymont",6627202,cpp,0,0.5,2287356
"/tmp/skanda-public-corpus-silesia/corpora/silesia/reymont",6627202,go,0,0.5,2221907
"/tmp/skanda-public-corpus-silesia/corpora/silesia/reymont",6627202,cpp,0,0.05,2156261
"/tmp/skanda-public-corpus-silesia/corpora/silesia/reymont",6627202,go,0,0.05,2158178
"/tmp/skanda-public-corpus-silesia/corpora/silesia/reymont",6627202,cpp,1,1.0,2904345
"/tmp/skanda-public-corpus-silesia/corpora/silesia/reymont",6627202,go,1,1.0,2904799
"/tmp/skanda-public-corpus-silesia/corpora/silesia/reymont",6627202,cpp,1,0.5,2340824
"/tmp/skanda-public-corpus-silesia/corpora/silesia/reymont",6627202,go,1,0.5,2236666
"/tmp/skanda-public-corpus-silesia/corpora/silesia/reymont",6627202,cpp,1,0.05,2153274
"/tmp/skanda-public-corpus-silesia/corpora/silesia/reymont",6627202,go,1,0.05,2153769
"/tmp/skanda-public-corpus-silesia/corpora/silesia/reymont",6627202,cpp,2,1.0,2566473
"/tmp/skanda-public-corpus-silesia/corpora/silesia/reymont",6627202,go,2,1.0,2566018
"/tmp/skanda-public-corpus-silesia/corpora/silesia/reymont",6627202,cpp,2,0.5,1973864
"/tmp/skanda-public-corpus-silesia/corpora/silesia/reymont",6627202,go,2,0.5,1913026
"/tmp/skanda-public-corpus-silesia/corpora/silesia/reymont",6627202,cpp,2,0.05,1855517
"/tmp/skanda-public-corpus-silesia/corpora/silesia/reymont",6627202,go,2,0.05,1854838
"/tmp/skanda-public-corpus-silesia/corpora/silesia/reymont",6627202,cpp,3,1.0,2449606
"/tmp/skanda-public-corpus-silesia/corpora/silesia/reymont",6627202,go,3,1.0,2449413
"/tmp/skanda-public-corpus-silesia/corpora/silesia/reymont",6627202,cpp,3,0.5,1865094
"/tmp/skanda-public-corpus-silesia/corpora/silesia/reymont",6627202,go,3,0.5,1804975
"/tmp/skanda-public-corpus-silesia/corpora/silesia/reymont",6627202,cpp,3,0.05,1747684
"/tmp/skanda-public-corpus-silesia/corpora/silesia/reymont",6627202,go,3,0.05,1747606
"/tmp/skanda-public-corpus-silesia/corpora/silesia/reymont",6627202,cpp,4,1.0,2370581
"/tmp/skanda-public-corpus-silesia/corpora/silesia/reymont",6627202,go,4,1.0,2370451
"/tmp/skanda-public-corpus-silesia/corpora/silesia/reymont",6627202,cpp,4,0.5,1771730
"/tmp/skanda-public-corpus-silesia/corpora/silesia/reymont",6627202,go,4,0.5,1718457
"/tmp/skanda-public-corpus-silesia/corpora/silesia/reymont",6627202,cpp,4,0.05,1659566
"/tmp/skanda-public-corpus-silesia/corpora/silesia/reymont",6627202,go,4,0.05,1659514
"/tmp/skanda-public-corpus-silesia/corpora/silesia/reymont",6627202,cpp,5,1.0,2129273
"/tmp/skanda-public-corpus-silesia/corpora/silesia/reymont",6627202,go,5,1.0,2128849
"/tmp/skanda-public-corpus-silesia/corpora/silesia/reymont",6627202,cpp,5,0.5,1626249
"/tmp/skanda-public-corpus-silesia/corpora/silesia/reymont",6627202,go,5,0.5,1626329
"/tmp/skanda-public-corpus-silesia/corpora/silesia/reymont",6627202,cpp,5,0.05,1556560
"/tmp/skanda-public-corpus-silesia/corpora/silesia/reymont",6627202,go,5,0.05,1555847
"/tmp/skanda-public-corpus-silesia/corpora/silesia/reymont",6627202,cpp,6,1.0,2069245
"/tmp/skanda-public-corpus-silesia/corpora/silesia/reymont",6627202,go,6,1.0,2068963
"/tmp/skanda-public-corpus-silesia/corpora/silesia/reymont",6627202,cpp,6,0.5,1567818
"/tmp/skanda-public-corpus-silesia/corpora/silesia/reymont",6627202,go,6,0.5,1567903
"/tmp/skanda-public-corpus-silesia/corpora/silesia/reymont",6627202,cpp,6,0.05,1498008
"/tmp/skanda-public-corpus-silesia/corpora/silesia/reymont",6627202,go,6,0.05,1497503
"/tmp/skanda-public-corpus-silesia/corpora/silesia/reymont",6627202,cpp,7,1.0,1997794
"/tmp/skanda-public-corpus-silesia/corpora/silesia/reymont",6627202,go,7,1.0,1997958
"/tmp/skanda-public-corpus-silesia/corpora/silesia/reymont",6627202,cpp,7,0.5,1494792
"/tmp/skanda-public-corpus-silesia/corpora/silesia/reymont",6627202,go,7,0.5,1495069
"/tmp/skanda-public-corpus-silesia/corpora/silesia/reymont",6627202,cpp,7,0.05,1423976
"/tmp/skanda-public-corpus-silesia/corpora/silesia/reymont",6627202,go,7,0.05,1424035
"/tmp/skanda-public-corpus-silesia/corpora/silesia/reymont",6627202,cpp,8,1.0,1939747
"/tmp/skanda-public-corpus-silesia/corpora/silesia/reymont",6627202,go,8,1.0,1940042
"/tmp/skanda-public-corpus-silesia/corpora/silesia/reymont",6627202,cpp,8,0.5,1436389
"/tmp/skanda-public-corpus-silesia/corpora/silesia/reymont",6627202,go,8,0.5,1436752
"/tmp/skanda-public-corpus-silesia/corpora/silesia/reymont",6627202,cpp,8,0.05,1363067
"/tmp/skanda-public-corpus-silesia/corpora/silesia/reymont",6627202,go,8,0.05,1363508
"/tmp/skanda-public-corpus-silesia/corpora/silesia/reymont",6627202,cpp,9,1.0,1930567
"/tmp/skanda-public-corpus-silesia/corpora/silesia/reymont",6627202,go,9,1.0,1930779
"/tmp/skanda-public-corpus-silesia/corpora/silesia/reymont",6627202,cpp,9,0.5,1429288
"/tmp/skanda-public-corpus-silesia/corpora/silesia/reymont",6627202,go,9,0.5,1429426
"/tmp/skanda-public-corpus-silesia/corpora/silesia/reymont",6627202,cpp,9,0.05,1356621
"/tmp/skanda-public-corpus-silesia/corpora/silesia/reymont",6627202,go,9,0.05,1356545
"/tmp/skanda-public-corpus-silesia/corpora/silesia/reymont",6627202,cpp,10,1.0,1925848
"/tmp/skanda-public-corpus-silesia/corpora/silesia/reymont",6627202,go,10,1.0,1926093
"/tmp/skanda-public-corpus-silesia/corpora/silesia/reymont",6627202,cpp,10,0.5,1424730
"/tmp/skanda-public-corpus-silesia/corpora/silesia/reymont",6627202,go,10,0.5,1424558
"/tmp/skanda-public-corpus-silesia/corpora/silesia/reymont",6627202,cpp,10,0.05,1349863
"/tmp/skanda-public-corpus-silesia/corpora/silesia/reymont",6627202,go,10,0.05,1350317
"/tmp/skanda-public-corpus-silesia/corpora/silesia/samba",21606400,cpp,0,1.0,6964328
"/tmp/skanda-public-corpus-silesia/corpora/silesia/samba",21606400,go,0,1.0,6972200
"/tmp/skanda-public-corpus-silesia/corpora/silesia/samba",21606400,cpp,0,0.5,5715827
"/tmp/skanda-public-corpus-silesia/corpora/silesia/samba",21606400,go,0,0.5,5541979
"/tmp/skanda-public-corpus-silesia/corpora/silesia/samba",21606400,cpp,0,0.05,5420074
"/tmp/skanda-public-corpus-silesia/corpora/silesia/samba",21606400,go,0,0.05,5425678
"/tmp/skanda-public-corpus-silesia/corpora/silesia/samba",21606400,cpp,1,1.0,6706113
"/tmp/skanda-public-corpus-silesia/corpora/silesia/samba",21606400,go,1,1.0,6710227
"/tmp/skanda-public-corpus-silesia/corpora/silesia/samba",21606400,cpp,1,0.5,5724750
"/tmp/skanda-public-corpus-silesia/corpora/silesia/samba",21606400,go,1,0.5,5424946
"/tmp/skanda-public-corpus-silesia/corpora/silesia/samba",21606400,cpp,1,0.05,5206117
"/tmp/skanda-public-corpus-silesia/corpora/silesia/samba",21606400,go,1,0.05,5204277
"/tmp/skanda-public-corpus-silesia/corpora/silesia/samba",21606400,cpp,2,1.0,6129867
"/tmp/skanda-public-corpus-silesia/corpora/silesia/samba",21606400,go,2,1.0,6129029
"/tmp/skanda-public-corpus-silesia/corpora/silesia/samba",21606400,cpp,2,0.5,5140305
"/tmp/skanda-public-corpus-silesia/corpora/silesia/samba",21606400,go,2,0.5,4882516
"/tmp/skanda-public-corpus-silesia/corpora/silesia/samba",21606400,cpp,2,0.05,4672937
"/tmp/skanda-public-corpus-silesia/corpora/silesia/samba",21606400,go,2,0.05,4669163
"/tmp/skanda-public-corpus-silesia/corpora/silesia/samba",21606400,cpp,3,1.0,5968948
"/tmp/skanda-public-corpus-silesia/corpora/silesia/samba",21606400,go,3,1.0,5968663
"/tmp/skanda-public-corpus-silesia/corpora/silesia/samba",21606400,cpp,3,0.5,4986701
"/tmp/skanda-public-corpus-silesia/corpora/silesia/samba",21606400,go,3,0.5,4734394
"/tmp/skanda-public-corpus-silesia/corpora/silesia/samba",21606400,cpp,3,0.05,4521571
"/tmp/skanda-public-corpus-silesia/corpora/silesia/samba",21606400,go,3,0.05,4518699
"/tmp/skanda-public-corpus-silesia/corpora/silesia/samba",21606400,cpp,4,1.0,5905353
"/tmp/skanda-public-corpus-silesia/corpora/silesia/samba",21606400,go,4,1.0,5905186
"/tmp/skanda-public-corpus-silesia/corpora/silesia/samba",21606400,cpp,4,0.5,4875072
"/tmp/skanda-public-corpus-silesia/corpora/silesia/samba",21606400,go,4,0.5,4637460
"/tmp/skanda-public-corpus-silesia/corpora/silesia/samba",21606400,cpp,4,0.05,4395946
"/tmp/skanda-public-corpus-silesia/corpora/silesia/samba",21606400,go,4,0.05,4392469
"/tmp/skanda-public-corpus-silesia/corpora/silesia/samba",21606400,cpp,5,1.0,5542673
"/tmp/skanda-public-corpus-silesia/corpora/silesia/samba",21606400,go,5,1.0,5541915
"/tmp/skanda-public-corpus-silesia/corpora/silesia/samba",21606400,cpp,5,0.5,4528045
"/tmp/skanda-public-corpus-silesia/corpora/silesia/samba",21606400,go,5,0.5,4530044
"/tmp/skanda-public-corpus-silesia/corpora/silesia/samba",21606400,cpp,5,0.05,4225691
"/tmp/skanda-public-corpus-silesia/corpora/silesia/samba",21606400,go,5,0.05,4221505
"/tmp/skanda-public-corpus-silesia/corpora/silesia/samba",21606400,cpp,6,1.0,5445020
"/tmp/skanda-public-corpus-silesia/corpora/silesia/samba",21606400,go,6,1.0,5445036
"/tmp/skanda-public-corpus-silesia/corpora/silesia/samba",21606400,cpp,6,0.5,4362701
"/tmp/skanda-public-corpus-silesia/corpora/silesia/samba",21606400,go,6,0.5,4362883
"/tmp/skanda-public-corpus-silesia/corpora/silesia/samba",21606400,cpp,6,0.05,4115437
"/tmp/skanda-public-corpus-silesia/corpora/silesia/samba",21606400,go,6,0.05,4113143
"/tmp/skanda-public-corpus-silesia/corpora/silesia/samba",21606400,cpp,7,1.0,5344845
"/tmp/skanda-public-corpus-silesia/corpora/silesia/samba",21606400,go,7,1.0,5346453
"/tmp/skanda-public-corpus-silesia/corpora/silesia/samba",21606400,cpp,7,0.5,4203574
"/tmp/skanda-public-corpus-silesia/corpora/silesia/samba",21606400,go,7,0.5,4203652
"/tmp/skanda-public-corpus-silesia/corpora/silesia/samba",21606400,cpp,7,0.05,3936268
"/tmp/skanda-public-corpus-silesia/corpora/silesia/samba",21606400,go,7,0.05,3939235
"/tmp/skanda-public-corpus-silesia/corpora/silesia/samba",21606400,cpp,8,1.0,5291119
"/tmp/skanda-public-corpus-silesia/corpora/silesia/samba",21606400,go,8,1.0,5293209
"/tmp/skanda-public-corpus-silesia/corpora/silesia/samba",21606400,cpp,8,0.5,4154066
"/tmp/skanda-public-corpus-silesia/corpora/silesia/samba",21606400,go,8,0.5,4152808
"/tmp/skanda-public-corpus-silesia/corpora/silesia/samba",21606400,cpp,8,0.05,3876023
"/tmp/skanda-public-corpus-silesia/corpora/silesia/samba",21606400,go,8,0.05,3878272
"/tmp/skanda-public-corpus-silesia/corpora/silesia/samba",21606400,cpp,9,1.0,5258972
"/tmp/skanda-public-corpus-silesia/corpora/silesia/samba",21606400,go,9,1.0,5261356
"/tmp/skanda-public-corpus-silesia/corpora/silesia/samba",21606400,cpp,9,0.5,4108059
"/tmp/skanda-public-corpus-silesia/corpora/silesia/samba",21606400,go,9,0.5,4109189
"/tmp/skanda-public-corpus-silesia/corpora/silesia/samba",21606400,cpp,9,0.05,3835967
"/tmp/skanda-public-corpus-silesia/corpora/silesia/samba",21606400,go,9,0.05,3837530
"/tmp/skanda-public-corpus-silesia/corpora/silesia/samba",21606400,cpp,10,1.0,5240758
"/tmp/skanda-public-corpus-silesia/corpora/silesia/samba",21606400,go,10,1.0,5244237
"/tmp/skanda-public-corpus-silesia/corpora/silesia/samba",21606400,cpp,10,0.5,4090710
"/tmp/skanda-public-corpus-silesia/corpora/silesia/samba",21606400,go,10,0.5,4092117
"/tmp/skanda-public-corpus-silesia/corpora/silesia/samba",21606400,cpp,10,0.05,3814904
"/tmp/skanda-public-corpus-silesia/corpora/silesia/samba",21606400,go,10,0.05,3817368
"/tmp/skanda-public-corpus-silesia/corpora/silesia/sao",7251944,cpp,0,1.0,6756702
"/tmp/skanda-public-corpus-silesia/corpora/silesia/sao",7251944,go,0,1.0,6762401
"/tmp/skanda-public-corpus-silesia/corpora/silesia/sao",7251944,cpp,0,0.5,6601261
"/tmp/skanda-public-corpus-silesia/corpora/silesia/sao",7251944,go,0,0.5,6282871
"/tmp/skanda-public-corpus-silesia/corpora/silesia/sao",7251944,cpp,0,0.05,5863797
"/tmp/skanda-public-corpus-silesia/corpora/silesia/sao",7251944,go,0,0.05,5866919
"/tmp/skanda-public-corpus-silesia/corpora/silesia/sao",7251944,cpp,1,1.0,6165605
"/tmp/skanda-public-corpus-silesia/corpora/silesia/sao",7251944,go,1,1.0,6165839
"/tmp/skanda-public-corpus-silesia/corpora/silesia/sao",7251944,cpp,1,0.5,5776168
"/tmp/skanda-public-corpus-silesia/corpora/silesia/sao",7251944,go,1,0.5,5568686
"/tmp/skanda-public-corpus-silesia/corpora/silesia/sao",7251944,cpp,1,0.05,5305121
"/tmp/skanda-public-corpus-silesia/corpora/silesia/sao",7251944,go,1,0.05,5300622
"/tmp/skanda-public-corpus-silesia/corpora/silesia/sao",7251944,cpp,2,1.0,5938867
"/tmp/skanda-public-corpus-silesia/corpora/silesia/sao",7251944,go,2,1.0,5938808
"/tmp/skanda-public-corpus-silesia/corpora/silesia/sao",7251944,cpp,2,0.5,5468660
"/tmp/skanda-public-corpus-silesia/corpora/silesia/sao",7251944,go,2,0.5,5295148
"/tmp/skanda-public-corpus-silesia/corpora/silesia/sao",7251944,cpp,2,0.05,5073479
"/tmp/skanda-public-corpus-silesia/corpora/silesia/sao",7251944,go,2,0.05,5068011
"/tmp/skanda-public-corpus-silesia/corpora/silesia/sao",7251944,cpp,3,1.0,5886609
"/tmp/skanda-public-corpus-silesia/corpora/silesia/sao",7251944,go,3,1.0,5886587
"/tmp/skanda-public-corpus-silesia/corpora/silesia/sao",7251944,cpp,3,0.5,5405506
"/tmp/skanda-public-corpus-silesia/corpora/silesia/sao",7251944,go,3,0.5,5230181
"/tmp/skanda-public-corpus-silesia/corpora/silesia/sao",7251944,cpp,3,0.05,5005520
"/tmp/skanda-public-corpus-silesia/corpora/silesia/sao",7251944,go,3,0.05,5000817
"/tmp/skanda-public-corpus-silesia/corpora/silesia/sao",7251944,cpp,4,1.0,5874674
"/tmp/skanda-public-corpus-silesia/corpora/silesia/sao",7251944,go,4,1.0,5874689
"/tmp/skanda-public-corpus-silesia/corpora/silesia/sao",7251944,cpp,4,0.5,5358126
"/tmp/skanda-public-corpus-silesia/corpora/silesia/sao",7251944,go,4,0.5,5184982
"/tmp/skanda-public-corpus-silesia/corpora/silesia/sao",7251944,cpp,4,0.05,4958207
"/tmp/skanda-public-corpus-silesia/corpora/silesia/sao",7251944,go,4,0.05,4954845
"/tmp/skanda-public-corpus-silesia/corpora/silesia/sao",7251944,cpp,5,1.0,5552449
"/tmp/skanda-public-corpus-silesia/corpora/silesia/sao",7251944,go,5,1.0,5552496
"/tmp/skanda-public-corpus-silesia/corpora/silesia/sao",7251944,cpp,5,0.5,5156508
"/tmp/skanda-public-corpus-silesia/corpora/silesia/sao",7251944,go,5,0.5,5156554
"/tmp/skanda-public-corpus-silesia/corpora/silesia/sao",7251944,cpp,5,0.05,4733394
"/tmp/skanda-public-corpus-silesia/corpora/silesia/sao",7251944,go,5,0.05,4732870
"/tmp/skanda-public-corpus-silesia/corpora/silesia/sao",7251944,cpp,6,1.0,5526525
"/tmp/skanda-public-corpus-silesia/corpora/silesia/sao",7251944,go,6,1.0,5526524
"/tmp/skanda-public-corpus-silesia/corpora/silesia/sao",7251944,cpp,6,0.5,5123999
"/tmp/skanda-public-corpus-silesia/corpora/silesia/sao",7251944,go,6,0.5,5124015
"/tmp/skanda-public-corpus-silesia/corpora/silesia/sao",7251944,cpp,6,0.05,4699256
"/tmp/skanda-public-corpus-silesia/corpora/silesia/sao",7251944,go,6,0.05,4698988
"/tmp/skanda-public-corpus-silesia/corpora/silesia/sao",7251944,cpp,7,1.0,5460828
"/tmp/skanda-public-corpus-silesia/corpora/silesia/sao",7251944,go,7,1.0,5460856
"/tmp/skanda-public-corpus-silesia/corpora/silesia/sao",7251944,cpp,7,0.5,5042506
"/tmp/skanda-public-corpus-silesia/corpora/silesia/sao",7251944,go,7,0.5,5042460
"/tmp/skanda-public-corpus-silesia/corpora/silesia/sao",7251944,cpp,7,0.05,4563599
"/tmp/skanda-public-corpus-silesia/corpora/silesia/sao",7251944,go,7,0.05,4563313
"/tmp/skanda-public-corpus-silesia/corpora/silesia/sao",7251944,cpp,8,1.0,5440955
"/tmp/skanda-public-corpus-silesia/corpora/silesia/sao",7251944,go,8,1.0,5440987
"/tmp/skanda-public-corpus-silesia/corpora/silesia/sao",7251944,cpp,8,0.5,5021870
"/tmp/skanda-public-corpus-silesia/corpora/silesia/sao",7251944,go,8,0.5,5022028
"/tmp/skanda-public-corpus-silesia/corpora/silesia/sao",7251944,cpp,8,0.05,4544674
"/tmp/skanda-public-corpus-silesia/corpora/silesia/sao",7251944,go,8,0.05,4544824
"/tmp/skanda-public-corpus-silesia/corpora/silesia/sao",7251944,cpp,9,1.0,5418674
"/tmp/skanda-public-corpus-silesia/corpora/silesia/sao",7251944,go,9,1.0,5418693
"/tmp/skanda-public-corpus-silesia/corpora/silesia/sao",7251944,cpp,9,0.5,4991837
"/tmp/skanda-public-corpus-silesia/corpora/silesia/sao",7251944,go,9,0.5,4991998
"/tmp/skanda-public-corpus-silesia/corpora/silesia/sao",7251944,cpp,9,0.05,4536178
"/tmp/skanda-public-corpus-silesia/corpora/silesia/sao",7251944,go,9,0.05,4535208
"/tmp/skanda-public-corpus-silesia/corpora/silesia/sao",7251944,cpp,10,1.0,5410177
"/tmp/skanda-public-corpus-silesia/corpora/silesia/sao",7251944,go,10,1.0,5410190
"/tmp/skanda-public-corpus-silesia/corpora/silesia/sao",7251944,cpp,10,0.5,4969709
"/tmp/skanda-public-corpus-silesia/corpora/silesia/sao",7251944,go,10,0.5,4969710
"/tmp/skanda-public-corpus-silesia/corpora/silesia/sao",7251944,cpp,10,0.05,4524645
"/tmp/skanda-public-corpus-silesia/corpora/silesia/sao",7251944,go,10,0.05,4526539
"/tmp/skanda-public-corpus-silesia/corpora/silesia/webster",41458703,cpp,0,1.0,18978339
"/tmp/skanda-public-corpus-silesia/corpora/silesia/webster",41458703,go,0,1.0,19009021
"/tmp/skanda-public-corpus-silesia/corpora/silesia/webster",41458703,cpp,0,0.5,14172561
"/tmp/skanda-public-corpus-silesia/corpora/silesia/webster",41458703,go,0,0.5,13897394
"/tmp/skanda-public-corpus-silesia/corpora/silesia/webster",41458703,cpp,0,0.05,13575695
"/tmp/skanda-public-corpus-silesia/corpora/silesia/webster",41458703,go,0,0.05,13599421
"/tmp/skanda-public-corpus-silesia/corpora/silesia/webster",41458703,cpp,1,1.0,17229422
"/tmp/skanda-public-corpus-silesia/corpora/silesia/webster",41458703,go,1,1.0,17239596
"/tmp/skanda-public-corpus-silesia/corpora/silesia/webster",41458703,cpp,1,0.5,14010513
"/tmp/skanda-public-corpus-silesia/corpora/silesia/webster",41458703,go,1,0.5,13496661
"/tmp/skanda-public-corpus-silesia/corpora/silesia/webster",41458703,cpp,1,0.05,12992060
"/tmp/skanda-public-corpus-silesia/corpora/silesia/webster",41458703,go,1,0.05,13001020
"/tmp/skanda-public-corpus-silesia/corpora/silesia/webster",41458703,cpp,2,1.0,15557944
"/tmp/skanda-public-corpus-silesia/corpora/silesia/webster",41458703,go,2,1.0,15555831
"/tmp/skanda-public-corpus-silesia/corpora/silesia/webster",41458703,cpp,2,0.5,12446116
"/tmp/skanda-public-corpus-silesia/corpora/silesia/webster",41458703,go,2,0.5,12036348
"/tmp/skanda-public-corpus-silesia/corpora/silesia/webster",41458703,cpp,2,0.05,11662028
"/tmp/skanda-public-corpus-silesia/corpora/silesia/webster",41458703,go,2,0.05,11662052
"/tmp/skanda-public-corpus-silesia/corpora/silesia/webster",41458703,cpp,3,1.0,14893968
"/tmp/skanda-public-corpus-silesia/corpora/silesia/webster",41458703,go,3,1.0,14893714
"/tmp/skanda-public-corpus-silesia/corpora/silesia/webster",41458703,cpp,3,0.5,11864904
"/tmp/skanda-public-corpus-silesia/corpora/silesia/webster",41458703,go,3,0.5,11460233
"/tmp/skanda-public-corpus-silesia/corpora/silesia/webster",41458703,cpp,3,0.05,11078961
"/tmp/skanda-public-corpus-silesia/corpora/silesia/webster",41458703,go,3,0.05,11079101
"/tmp/skanda-public-corpus-silesia/corpora/silesia/webster",41458703,cpp,4,1.0,14556856
"/tmp/skanda-public-corpus-silesia/corpora/silesia/webster",41458703,go,4,1.0,14556559
"/tmp/skanda-public-corpus-silesia/corpora/silesia/webster",41458703,cpp,4,0.5,11229268
"/tmp/skanda-public-corpus-silesia/corpora/silesia/webster",41458703,go,4,0.5,10913334
"/tmp/skanda-public-corpus-silesia/corpora/silesia/webster",41458703,cpp,4,0.05,10487049
"/tmp/skanda-public-corpus-silesia/corpora/silesia/webster",41458703,go,4,0.05,10487253
"/tmp/skanda-public-corpus-silesia/corpora/silesia/webster",41458703,cpp,5,1.0,13434874
"/tmp/skanda-public-corpus-silesia/corpora/silesia/webster",41458703,go,5,1.0,13429926
"/tmp/skanda-public-corpus-silesia/corpora/silesia/webster",41458703,cpp,5,0.5,10527272
"/tmp/skanda-public-corpus-silesia/corpora/silesia/webster",41458703,go,5,0.5,10526555
"/tmp/skanda-public-corpus-silesia/corpora/silesia/webster",41458703,cpp,5,0.05,9946351
"/tmp/skanda-public-corpus-silesia/corpora/silesia/webster",41458703,go,5,0.05,9946922
"/tmp/skanda-public-corpus-silesia/corpora/silesia/webster",41458703,cpp,6,1.0,13002339
"/tmp/skanda-public-corpus-silesia/corpora/silesia/webster",41458703,go,6,1.0,13000580
"/tmp/skanda-public-corpus-silesia/corpora/silesia/webster",41458703,cpp,6,0.5,10019924
"/tmp/skanda-public-corpus-silesia/corpora/silesia/webster",41458703,go,6,0.5,10019088
"/tmp/skanda-public-corpus-silesia/corpora/silesia/webster",41458703,cpp,6,0.05,9258333
"/tmp/skanda-public-corpus-silesia/corpora/silesia/webster",41458703,go,6,0.05,9258580
"/tmp/skanda-public-corpus-silesia/corpora/silesia/webster",41458703,cpp,7,1.0,12642579
"/tmp/skanda-public-corpus-silesia/corpora/silesia/webster",41458703,go,7,1.0,12644031
"/tmp/skanda-public-corpus-silesia/corpora/silesia/webster",41458703,cpp,7,0.5,9702109
"/tmp/skanda-public-corpus-silesia/corpora/silesia/webster",41458703,go,7,0.5,9704327
"/tmp/skanda-public-corpus-silesia/corpora/silesia/webster",41458703,cpp,7,0.05,8930576
"/tmp/skanda-public-corpus-silesia/corpora/silesia/webster",41458703,go,7,0.05,8931375
"/tmp/skanda-public-corpus-silesia/corpora/silesia/webster",41458703,cpp,8,1.0,12480191
"/tmp/skanda-public-corpus-silesia/corpora/silesia/webster",41458703,go,8,1.0,12481514
"/tmp/skanda-public-corpus-silesia/corpora/silesia/webster",41458703,cpp,8,0.5,9497971
"/tmp/skanda-public-corpus-silesia/corpora/silesia/webster",41458703,go,8,0.5,9498362
"/tmp/skanda-public-corpus-silesia/corpora/silesia/webster",41458703,cpp,8,0.05,8562223
"/tmp/skanda-public-corpus-silesia/corpora/silesia/webster",41458703,go,8,0.05,8560765
"/tmp/skanda-public-corpus-silesia/corpora/silesia/webster",41458703,cpp,9,1.0,12446121
"/tmp/skanda-public-corpus-silesia/corpora/silesia/webster",41458703,go,9,1.0,12447485
"/tmp/skanda-public-corpus-silesia/corpora/silesia/webster",41458703,cpp,9,0.5,9460296
"/tmp/skanda-public-corpus-silesia/corpora/silesia/webster",41458703,go,9,0.5,9460001
"/tmp/skanda-public-corpus-silesia/corpora/silesia/webster",41458703,cpp,9,0.05,8506013
"/tmp/skanda-public-corpus-silesia/corpora/silesia/webster",41458703,go,9,0.05,8506143
"/tmp/skanda-public-corpus-silesia/corpora/silesia/webster",41458703,cpp,10,1.0,12431549
"/tmp/skanda-public-corpus-silesia/corpora/silesia/webster",41458703,go,10,1.0,12432924
"/tmp/skanda-public-corpus-silesia/corpora/silesia/webster",41458703,cpp,10,0.5,9445029
"/tmp/skanda-public-corpus-silesia/corpora/silesia/webster",41458703,go,10,0.5,9444797
"/tmp/skanda-public-corpus-silesia/corpora/silesia/webster",41458703,cpp,10,0.05,8483471
"/tmp/skanda-public-corpus-silesia/corpora/silesia/webster",41458703,go,10,0.05,8483661
"/tmp/skanda-public-corpus-silesia/corpora/silesia/x-ray",8474240,cpp,0,1.0,8451483
"/tmp/skanda-public-corpus-silesia/corpora/silesia/x-ray",8474240,go,0,1.0,8449038
"/tmp/skanda-public-corpus-silesia/corpora/silesia/x-ray",8474240,cpp,0,0.5,8299395
"/tmp/skanda-public-corpus-silesia/corpora/silesia/x-ray",8474240,go,0,0.5,6710769
"/tmp/skanda-public-corpus-silesia/corpora/silesia/x-ray",8474240,cpp,0,0.05,5814280
"/tmp/skanda-public-corpus-silesia/corpora/silesia/x-ray",8474240,go,0,0.05,5801643
"/tmp/skanda-public-corpus-silesia/corpora/silesia/x-ray",8474240,cpp,1,1.0,7654615
"/tmp/skanda-public-corpus-silesia/corpora/silesia/x-ray",8474240,go,1,1.0,7653343
"/tmp/skanda-public-corpus-silesia/corpora/silesia/x-ray",8474240,cpp,1,0.5,7333847
"/tmp/skanda-public-corpus-silesia/corpora/silesia/x-ray",8474240,go,1,0.5,6226118
"/tmp/skanda-public-corpus-silesia/corpora/silesia/x-ray",8474240,cpp,1,0.05,5494780
"/tmp/skanda-public-corpus-silesia/corpora/silesia/x-ray",8474240,go,1,0.05,5488251
"/tmp/skanda-public-corpus-silesia/corpora/silesia/x-ray",8474240,cpp,2,1.0,7173473
"/tmp/skanda-public-corpus-silesia/corpora/silesia/x-ray",8474240,go,2,1.0,7173415
"/tmp/skanda-public-corpus-silesia/corpora/silesia/x-ray",8474240,cpp,2,0.5,6568512
"/tmp/skanda-public-corpus-silesia/corpora/silesia/x-ray",8474240,go,2,0.5,5876573
"/tmp/skanda-public-corpus-silesia/corpora/silesia/x-ray",8474240,cpp,2,0.05,5027540
"/tmp/skanda-public-corpus-silesia/corpora/silesia/x-ray",8474240,go,2,0.05,4996581
"/tmp/skanda-public-corpus-silesia/corpora/silesia/x-ray",8474240,cpp,3,1.0,7019295
"/tmp/skanda-public-corpus-silesia/corpora/silesia/x-ray",8474240,go,3,1.0,7019697
"/tmp/skanda-public-corpus-silesia/corpora/silesia/x-ray",8474240,cpp,3,0.5,6321233
"/tmp/skanda-public-corpus-silesia/corpora/silesia/x-ray",8474240,go,3,0.5,5746718
"/tmp/skanda-public-corpus-silesia/corpora/silesia/x-ray",8474240,cpp,3,0.05,4958069
"/tmp/skanda-public-corpus-silesia/corpora/silesia/x-ray",8474240,go,3,0.05,4932736
"/tmp/skanda-public-corpus-silesia/corpora/silesia/x-ray",8474240,cpp,4,1.0,6891193
"/tmp/skanda-public-corpus-silesia/corpora/silesia/x-ray",8474240,go,4,1.0,6892356
"/tmp/skanda-public-corpus-silesia/corpora/silesia/x-ray",8474240,cpp,4,0.5,5911513
"/tmp/skanda-public-corpus-silesia/corpora/silesia/x-ray",8474240,go,4,0.5,5535625
"/tmp/skanda-public-corpus-silesia/corpora/silesia/x-ray",8474240,cpp,4,0.05,4917116
"/tmp/skanda-public-corpus-silesia/corpora/silesia/x-ray",8474240,go,4,0.05,4898986
"/tmp/skanda-public-corpus-silesia/corpora/silesia/x-ray",8474240,cpp,5,1.0,6559632
"/tmp/skanda-public-corpus-silesia/corpora/silesia/x-ray",8474240,go,5,1.0,6559619
"/tmp/skanda-public-corpus-silesia/corpora/silesia/x-ray",8474240,cpp,5,0.5,5422268
"/tmp/skanda-public-corpus-silesia/corpora/silesia/x-ray",8474240,go,5,0.5,5548245
"/tmp/skanda-public-corpus-silesia/corpora/silesia/x-ray",8474240,cpp,5,0.05,4758741
"/tmp/skanda-public-corpus-silesia/corpora/silesia/x-ray",8474240,go,5,0.05,4788607
"/tmp/skanda-public-corpus-silesia/corpora/silesia/x-ray",8474240,cpp,6,1.0,6496381
"/tmp/skanda-public-corpus-silesia/corpora/silesia/x-ray",8474240,go,6,1.0,6496334
"/tmp/skanda-public-corpus-silesia/corpora/silesia/x-ray",8474240,cpp,6,0.5,5381716
"/tmp/skanda-public-corpus-silesia/corpora/silesia/x-ray",8474240,go,6,0.5,5486206
"/tmp/skanda-public-corpus-silesia/corpora/silesia/x-ray",8474240,cpp,6,0.05,4757914
"/tmp/skanda-public-corpus-silesia/corpora/silesia/x-ray",8474240,go,6,0.05,4788123
"/tmp/skanda-public-corpus-silesia/corpora/silesia/x-ray",8474240,cpp,7,1.0,6421693
"/tmp/skanda-public-corpus-silesia/corpora/silesia/x-ray",8474240,go,7,1.0,6421694
"/tmp/skanda-public-corpus-silesia/corpora/silesia/x-ray",8474240,cpp,7,0.5,5320816
"/tmp/skanda-public-corpus-silesia/corpora/silesia/x-ray",8474240,go,7,0.5,5393251
"/tmp/skanda-public-corpus-silesia/corpora/silesia/x-ray",8474240,cpp,7,0.05,4681278
"/tmp/skanda-public-corpus-silesia/corpora/silesia/x-ray",8474240,go,7,0.05,4677131
"/tmp/skanda-public-corpus-silesia/corpora/silesia/x-ray",8474240,cpp,8,1.0,6408506
"/tmp/skanda-public-corpus-silesia/corpora/silesia/x-ray",8474240,go,8,1.0,6408508
"/tmp/skanda-public-corpus-silesia/corpora/silesia/x-ray",8474240,cpp,8,0.5,5306741
"/tmp/skanda-public-corpus-silesia/corpora/silesia/x-ray",8474240,go,8,0.5,5388571
"/tmp/skanda-public-corpus-silesia/corpora/silesia/x-ray",8474240,cpp,8,0.05,4629425
"/tmp/skanda-public-corpus-silesia/corpora/silesia/x-ray",8474240,go,8,0.05,4623653
"/tmp/skanda-public-corpus-silesia/corpora/silesia/x-ray",8474240,cpp,9,1.0,6384078
"/tmp/skanda-public-corpus-silesia/corpora/silesia/x-ray",8474240,go,9,1.0,6384080
"/tmp/skanda-public-corpus-silesia/corpora/silesia/x-ray",8474240,cpp,9,0.5,5280210
"/tmp/skanda-public-corpus-silesia/corpora/silesia/x-ray",8474240,go,9,0.5,5343930
"/tmp/skanda-public-corpus-silesia/corpora/silesia/x-ray",8474240,cpp,9,0.05,4557621
"/tmp/skanda-public-corpus-silesia/corpora/silesia/x-ray",8474240,go,9,0.05,4551610
"/tmp/skanda-public-corpus-silesia/corpora/silesia/x-ray",8474240,cpp,10,1.0,6363275
"/tmp/skanda-public-corpus-silesia/corpora/silesia/x-ray",8474240,go,10,1.0,6363277
"/tmp/skanda-public-corpus-silesia/corpora/silesia/x-ray",8474240,cpp,10,0.5,5250959
"/tmp/skanda-public-corpus-silesia/corpora/silesia/x-ray",8474240,go,10,0.5,5317923
"/tmp/skanda-public-corpus-silesia/corpora/silesia/x-ray",8474240,cpp,10,0.05,4471695
"/tmp/skanda-public-corpus-silesia/corpora/silesia/x-ray",8474240,go,10,0.05,4460478
"/tmp/skanda-public-corpus-silesia/corpora/silesia/xml",5345280,cpp,0,1.0,1003617
"/tmp/skanda-public-corpus-silesia/corpora/silesia/xml",5345280,go,0,1.0,1004226
"/tmp/skanda-public-corpus-silesia/corpora/silesia/xml",5345280,cpp,0,0.5,751818
"/tmp/skanda-public-corpus-silesia/corpora/silesia/xml",5345280,go,0,0.5,727136
"/tmp/skanda-public-corpus-silesia/corpora/silesia/xml",5345280,cpp,0,0.05,702033
"/tmp/skanda-public-corpus-silesia/corpora/silesia/xml",5345280,go,0,0.05,702799
"/tmp/skanda-public-corpus-silesia/corpora/silesia/xml",5345280,cpp,1,1.0,1024245
"/tmp/skanda-public-corpus-silesia/corpora/silesia/xml",5345280,go,1,1.0,1024291
"/tmp/skanda-public-corpus-silesia/corpora/silesia/xml",5345280,cpp,1,0.5,809644
"/tmp/skanda-public-corpus-silesia/corpora/silesia/xml",5345280,go,1,0.5,765565
"/tmp/skanda-public-corpus-silesia/corpora/silesia/xml",5345280,cpp,1,0.05,713080
"/tmp/skanda-public-corpus-silesia/corpora/silesia/xml",5345280,go,1,0.05,712600
"/tmp/skanda-public-corpus-silesia/corpora/silesia/xml",5345280,cpp,2,1.0,848604
"/tmp/skanda-public-corpus-silesia/corpora/silesia/xml",5345280,go,2,1.0,848502
"/tmp/skanda-public-corpus-silesia/corpora/silesia/xml",5345280,cpp,2,0.5,661992
"/tmp/skanda-public-corpus-silesia/corpora/silesia/xml",5345280,go,2,0.5,631458
"/tmp/skanda-public-corpus-silesia/corpora/silesia/xml",5345280,cpp,2,0.05,603995
"/tmp/skanda-public-corpus-silesia/corpora/silesia/xml",5345280,go,2,0.05,603905
"/tmp/skanda-public-corpus-silesia/corpora/silesia/xml",5345280,cpp,3,1.0,795876
"/tmp/skanda-public-corpus-silesia/corpora/silesia/xml",5345280,go,3,1.0,795821
"/tmp/skanda-public-corpus-silesia/corpora/silesia/xml",5345280,cpp,3,0.5,625260
"/tmp/skanda-public-corpus-silesia/corpora/silesia/xml",5345280,go,3,0.5,594821
"/tmp/skanda-public-corpus-silesia/corpora/silesia/xml",5345280,cpp,3,0.05,572342
"/tmp/skanda-public-corpus-silesia/corpora/silesia/xml",5345280,go,3,0.05,571963
"/tmp/skanda-public-corpus-silesia/corpora/silesia/xml",5345280,cpp,4,1.0,759632
"/tmp/skanda-public-corpus-silesia/corpora/silesia/xml",5345280,go,4,1.0,759665
"/tmp/skanda-public-corpus-silesia/corpora/silesia/xml",5345280,cpp,4,0.5,601296
"/tmp/skanda-public-corpus-silesia/corpora/silesia/xml",5345280,go,4,0.5,571599
"/tmp/skanda-public-corpus-silesia/corpora/silesia/xml",5345280,cpp,4,0.05,551059
"/tmp/skanda-public-corpus-silesia/corpora/silesia/xml",5345280,go,4,0.05,549822
"/tmp/skanda-public-corpus-silesia/corpora/silesia/xml",5345280,cpp,5,1.0,732759
"/tmp/skanda-public-corpus-silesia/corpora/silesia/xml",5345280,go,5,1.0,732551
"/tmp/skanda-public-corpus-silesia/corpora/silesia/xml",5345280,cpp,5,0.5,583144
"/tmp/skanda-public-corpus-silesia/corpora/silesia/xml",5345280,go,5,0.5,583296
"/tmp/skanda-public-corpus-silesia/corpora/silesia/xml",5345280,cpp,5,0.05,543501
"/tmp/skanda-public-corpus-silesia/corpora/silesia/xml",5345280,go,5,0.05,543456
"/tmp/skanda-public-corpus-silesia/corpora/silesia/xml",5345280,cpp,6,1.0,684860
"/tmp/skanda-public-corpus-silesia/corpora/silesia/xml",5345280,go,6,1.0,684745
"/tmp/skanda-public-corpus-silesia/corpora/silesia/xml",5345280,cpp,6,0.5,546145
"/tmp/skanda-public-corpus-silesia/corpora/silesia/xml",5345280,go,6,0.5,546228
"/tmp/skanda-public-corpus-silesia/corpora/silesia/xml",5345280,cpp,6,0.05,511658
"/tmp/skanda-public-corpus-silesia/corpora/silesia/xml",5345280,go,6,0.05,511425
"/tmp/skanda-public-corpus-silesia/corpora/silesia/xml",5345280,cpp,7,1.0,642960
"/tmp/skanda-public-corpus-silesia/corpora/silesia/xml",5345280,go,7,1.0,642968
"/tmp/skanda-public-corpus-silesia/corpora/silesia/xml",5345280,cpp,7,0.5,500305
"/tmp/skanda-public-corpus-silesia/corpora/silesia/xml",5345280,go,7,0.5,500398
"/tmp/skanda-public-corpus-silesia/corpora/silesia/xml",5345280,cpp,7,0.05,467899
"/tmp/skanda-public-corpus-silesia/corpora/silesia/xml",5345280,go,7,0.05,467212
"/tmp/skanda-public-corpus-silesia/corpora/silesia/xml",5345280,cpp,8,1.0,622686
"/tmp/skanda-public-corpus-silesia/corpora/silesia/xml",5345280,go,8,1.0,622889
"/tmp/skanda-public-corpus-silesia/corpora/silesia/xml",5345280,cpp,8,0.5,490001
"/tmp/skanda-public-corpus-silesia/corpora/silesia/xml",5345280,go,8,0.5,490117
"/tmp/skanda-public-corpus-silesia/corpora/silesia/xml",5345280,cpp,8,0.05,458332
"/tmp/skanda-public-corpus-silesia/corpora/silesia/xml",5345280,go,8,0.05,457704
"/tmp/skanda-public-corpus-silesia/corpora/silesia/xml",5345280,cpp,9,1.0,616449
"/tmp/skanda-public-corpus-silesia/corpora/silesia/xml",5345280,go,9,1.0,616798
"/tmp/skanda-public-corpus-silesia/corpora/silesia/xml",5345280,cpp,9,0.5,483377
"/tmp/skanda-public-corpus-silesia/corpora/silesia/xml",5345280,go,9,0.5,483676
"/tmp/skanda-public-corpus-silesia/corpora/silesia/xml",5345280,cpp,9,0.05,453684
"/tmp/skanda-public-corpus-silesia/corpora/silesia/xml",5345280,go,9,0.05,453171
"/tmp/skanda-public-corpus-silesia/corpora/silesia/xml",5345280,cpp,10,1.0,613281
"/tmp/skanda-public-corpus-silesia/corpora/silesia/xml",5345280,go,10,1.0,613967
"/tmp/skanda-public-corpus-silesia/corpora/silesia/xml",5345280,cpp,10,0.5,479472
"/tmp/skanda-public-corpus-silesia/corpora/silesia/xml",5345280,go,10,0.5,480072
"/tmp/skanda-public-corpus-silesia/corpora/silesia/xml",5345280,cpp,10,0.05,449096
"/tmp/skanda-public-corpus-silesia/corpora/silesia/xml",5345280,go,10,0.05,449003
